F1,HUSB,I182545075362
F1,WIFE,I182545075442
F1,CHIL,I182545075898
F1,CHIL,I182545075601
F1,CHIL,I182545067174
F2,HUSB,I182547029134
F2,WIFE,I182547029151
F2,CHIL,I182547029021
F3,HUSB,I182543706202
F3,WIFE,I182543706169
F4,HUSB,I182542007414
F4,WIFE,I182542007415
F4,CHIL,I182542006991
F4,CHIL,I182542106148
F5,HUSB,I182545067174
F5,WIFE,I182545066114
F5,CHIL,I182545066086
F5,CHIL,I182545066916
F5,CHIL,I182545067186
F6,HUSB,I182547544193
F6,WIFE,I182547544180
F6,CHIL,I182547544090
F7,HUSB,I182547640448
F7,WIFE,I182547640460
F7,CHIL,I182547640305
F8,HUSB,I182543696991
F8,WIFE,I182543697031
F8,CHIL,I182543696677
F9,HUSB,I182547640463
F9,WIFE,I182547640468
F9,CHIL,I182547640310
F1,HUSB,I182547685520
F1,WIFE,I182547686288
F1,CHIL,I182547686289
F1,CHIL,I182547686293
F1,CHIL,I182547686290
F1,CHIL,I182547686291
F1,CHIL,I182547685504
F1,CHIL,I182547686294
F1,CHIL,I182547686292
F1,HUSB,I182543696962
F1,WIFE,I182543696980
F1,CHIL,I182543696655
F1,HUSB,I182547653765
F1,WIFE,I182547653770
F1,CHIL,I182547653507
F1,HUSB,I182545403059
F1,WIFE,I182545403073
F1,CHIL,I182545402925
F1,HUSB,I182547653751
F1,WIFE,I182547653762
F1,CHIL,I182547653497
F1,HUSB,I182542649424
F1,WIFE,I182542649312
F1,HUSB,I182547640476
F1,WIFE,I182547640576
F1,CHIL,I182547640319
F1,HUSB,I182547685477
F1,WIFE,I182547685504
F1,CHIL,I182547685253
F1,CHIL,I182547685771
F1,HUSB,I182545397946
F1,WIFE,I182545397952
F1,CHIL,I182545397915
F1,HUSB,I182542682192
F1,WIFE,I182542697295
F1,CHIL,I182542697294
F1,CHIL,I182542682680
F1,CHIL,I182542682712
F1,CHIL,I182542675174
F2,HUSB,I182547545242
F2,WIFE,I182547545264
F2,CHIL,I182547545151
F2,HUSB,I182543697983
F2,WIFE,I182543697990
F2,CHIL,I182543697930
F2,HUSB,I182542124756
F2,WIFE,I182542008400
F2,CHIL,I182542124912
F2,HUSB,I182547544224
F2,WIFE,I182547544269
F2,CHIL,I182547544193
F2,HUSB,I182542691424
F2,WIFE,I182542692454
F2,CHIL,I182542692455
F2,HUSB,I182547637424
F2,WIFE,I182547637417
F2,CHIL,I182547636692
F2,HUSB,I182545401993
F2,WIFE,I182545401907
F2,HUSB,I182547640497
F2,WIFE,I182547640491
F2,CHIL,I182547640369
F2,HUSB,I182547635431
F2,WIFE,I182547635380
F2,CHIL,I182547635326
F2,HUSB,I182545593480
F2,WIFE,I182545593481
F2,CHIL,I182545593482
F2,CHIL,I182545593483
F2,CHIL,I182545593486
F2,CHIL,I182543604999
F2,CHIL,I182545593488
F3,HUSB,I182545076376
F3,WIFE,I182545076286
F3,HUSB,I182545397915
F3,WIFE,I182545397776
F3,CHIL,I182545398110
F3,CHIL,I182545398111
F3,CHIL,I182545397709
F3,HUSB,I182546163561
F3,WIFE,I182546164878
F3,CHIL,I182546163529
F3,CHIL,I182546165166
F3,CHIL,I182546197422
F3,HUSB,I182542008398
F3,WIFE,I182542008399
F3,CHIL,I182542007835
F3,CHIL,I182542008400
F3,CHIL,I182542124793
F3,HUSB,I182542006990
F3,WIFE,I182542007346
F3,HUSB,I182543761432
F3,WIFE,I182543761421
F3,CHIL,I182543767080
F3,HUSB,I182544231421
F3,WIFE,I182544231447
F3,CHIL,I182544231901
F3,CHIL,I182544231902
F3,CHIL,I182544231903
F3,CHIL,I182544231904
F3,CHIL,I182544231905
F3,CHIL,I182543929103
F3,CHIL,I182544231906
F3,CHIL,I182544231908
F3,CHIL,I182544249858
F3,HUSB,I182545403097
F3,WIFE,I182545403105
F3,CHIL,I182545402982
F3,HUSB,I182547637442
F3,WIFE,I182547637456
F3,CHIL,I182547637405
F3,HUSB,I182547545294
F3,WIFE,I182547545306
F3,CHIL,I182547545242
F4,HUSB,I182545399858
F4,WIFE,I182545400042
F4,CHIL,I182545399743
F4,HUSB,I182545401107
F4,WIFE,I182545400042
F4,CHIL,I182545401364
F4,CHIL,I182545401392
F4,CHIL,I182545401900
F4,CHIL,I182545402500
F4,CHIL,I182545402584
F4,CHIL,I182545402658
F4,CHIL,I182545402673
F4,CHIL,I182545402831
F4,HUSB,I182547614247
F4,WIFE,I182547613908
F4,CHIL,I182547613807
F4,CHIL,I182547614245
F4,CHIL,I182547614246
F4,HUSB,I182543697920
F4,WIFE,I182543697930
F4,CHIL,I182543697694
F4,HUSB,I182547640549
F4,WIFE,I182547640536
F4,CHIL,I182547640349
F4,HUSB,I182548114685
F4,WIFE,I182548114694
F4,CHIL,I182548114661
F4,CHIL,I182548183896
F4,HUSB,I182547029225
F4,WIFE,I182547029264
F4,CHIL,I182547029151
F4,HUSB,I182547545313
F4,WIFE,I182547545404
F4,CHIL,I182547635031
F4,CHIL,I182547635032
F4,CHIL,I182547635033
F4,CHIL,I182547635035
F4,CHIL,I182547635038
F4,CHIL,I182547635041
F4,CHIL,I182547635042
F4,CHIL,I182547545264
F4,HUSB,I182543697968
F4,WIFE,I182543697974
F4,CHIL,I182543697920
F4,HUSB,I182543696939
F4,WIFE,I182543696947
F4,CHIL,I182543696642
F5,HUSB,I182543698995
F5,WIFE,I182543698976
F5,CHIL,I182543699376
F5,HUSB,I182548233464
F5,WIFE,I182548235862
F5,CHIL,I182548235509
F5,CHIL,I182548233207
F5,CHIL,I182548235284
F5,CHIL,I182548235304
F5,HUSB,I182547640561
F5,WIFE,I182547640558
F5,CHIL,I182547640345
F5,HUSB,I182548114661
F5,WIFE,I182548114673
F5,CHIL,I182548114536
F5,HUSB,I182543579189
F5,WIFE,I182543579049
F5,CHIL,I182543580525
F5,CHIL,I182543579038
F5,HUSB,I182547611883
F5,WIFE,I182547543448
F5,CHIL,I182547611881
F5,CHIL,I182547029764
F5,CHIL,I182547611882
F5,HUSB,I182547635451
F5,WIFE,I182547635440
F5,CHIL,I182547635325
F5,HUSB,I182547637490
F5,WIFE,I182547637502
F5,CHIL,I182547637412
F5,HUSB,I182547640579
F5,WIFE,I182547640569
F5,CHIL,I182547640331
F5,HUSB,I182542135310
F5,WIFE,I182542144848
F5,CHIL,I182542135077
F6,HUSB,I182542007536
F6,WIFE,I182542007538
F6,CHIL,I182542007454
F6,CHIL,I182542007540
F6,CHIL,I182542007542
F6,CHIL,I182542007545
F6,HUSB,I182546165810
F6,WIFE,I182546165823
F6,CHIL,I182546176568
F6,CHIL,I182546165762
F6,CHIL,I182546213991
F6,CHIL,I182546214077
F6,CHIL,I182546214197
F6,CHIL,I182546214221
F6,HUSB,I182545397804
F6,WIFE,I182545397795
F6,CHIL,I182545397776
F6,HUSB,I182547543043
F6,WIFE,I182551018103
F6,CHIL,I182547542990
F6,HUSB,I182547653651
F6,WIFE,I182547653693
F6,CHIL,I182547653448
F6,HUSB,I182545402925
F6,WIFE,I182545402982
F6,CHIL,I182545401185
F6,HUSB,I182546214826
F6,WIFE,I182546165823
F6,CHIL,I182546875028
F6,CHIL,I182546875060
F6,HUSB,I182543697092
F6,WIFE,I182543697108
F6,CHIL,I182543696712
F6,HUSB,I182547640319
F6,WIFE,I182547640331
F6,CHIL,I182547640146
F6,HUSB,I182543573179
F6,WIFE,I182543573204
F6,CHIL,I182543573167
F7,HUSB,I182547653630
F7,WIFE,I182547653640
F7,CHIL,I182547653433
F7,HUSB,I182547640345
F7,WIFE,I182547640349
F7,CHIL,I182547640221
F7,HUSB,I182545397816
F7,WIFE,I182545397827
F7,CHIL,I182545397741
F7,HUSB,I182545402175
F7,WIFE,I182545401912
F7,HUSB,I182543581430
F7,WIFE,I182543581433
F7,CHIL,I182543581434
F7,CHIL,I182543581435
F7,CHIL,I182543579049
F7,HUSB,I182543581434
F7,WIFE,I182543583821
F7,HUSB,I182543932670
F7,WIFE,I182543932671
F7,CHIL,I182543932674
F7,CHIL,I182543929102
F7,CHIL,I182543932675
F7,CHIL,I182543932676
F7,CHIL,I182543932677
F7,HUSB,I182543581435
F7,WIFE,I182543583107
F7,HUSB,I182543697146
F7,WIFE,I182543697159
F7,CHIL,I182543696856
F7,HUSB,I182543761661
F7,WIFE,I182543761793
F7,CHIL,I182543763207
F7,CHIL,I182543763540
F7,CHIL,I182543766274
F7,CHIL,I182543766346
F7,CHIL,I182543763749
F7,CHIL,I182543764683
F7,CHIL,I182543765039
F7,CHIL,I182543762750
F7,CHIL,I182543864324
F8,HUSB,I182543696127
F8,WIFE,I182543696143
F8,CHIL,I182543695902
F8,CHIL,I182543869396
F8,HUSB,I182542675174
F8,WIFE,I182542675175
F8,CHIL,I182542673890
F8,CHIL,I182542675724
F8,CHIL,I182542675725
F8,CHIL,I182542675726
F8,CHIL,I182542675727
F8,CHIL,I182542675728
F8,CHIL,I182542675729
F8,CHIL,I182542675730
F8,HUSB,I182543706352
F8,WIFE,I182543706382
F8,CHIL,I182543702178
F8,HUSB,I182548282430
F8,WIFE,I182548282316
F8,CHIL,I182548282434
F8,CHIL,I182548282438
F8,CHIL,I182548282441
F8,HUSB,I182543581430
F8,WIFE,I182543868502
F8,CHIL,I182543868503
F8,HUSB,I182546165742
F8,WIFE,I182546165762
F8,CHIL,I182546165532
F8,HUSB,I182548076541
F8,WIFE,I182548076583
F8,CHIL,I182548076417
F8,HUSB,I182543572932
F8,WIFE,I182543573147
F8,CHIL,I182542665295
F8,HUSB,I182548237396
F8,WIFE,I182548237395
F8,HUSB,I182548237663
F8,WIFE,I182548237395
F8,CHIL,I182548237662
F9,HUSB,I182548237909
F9,WIFE,I182548237395
F9,CHIL,I182548237394
F9,CHIL,I182548233192
F9,HUSB,I182547653711
F9,WIFE,I182547653721
F9,CHIL,I182547653468
F9,HUSB,I182547653726
F9,WIFE,I182547653733
F9,CHIL,I182547653480
F9,HUSB,I182543573120
F9,WIFE,I182543573139
F9,CHIL,I182543572932
F9,HUSB,I182545076335
F9,WIFE,I182545076296
F9,HUSB,I182542699648
F9,WIFE,I182542699649
F9,CHIL,I182542699651
F9,CHIL,I182542699653
F9,CHIL,I182542699183
F9,HUSB,I182551022188
F9,WIFE,I182551021598
F9,HUSB,I182546875500
F9,WIFE,I182546875028
F9,CHIL,I182546870959
F9,HUSB,I182543573167
F9,WIFE,I182543573171
F9,CHIL,I182543573147
F9,HUSB,I182547614164
F9,WIFE,I182547613807
F9,CHIL,I182547633707
F9,CHIL,I182547633720
F9,CHIL,I182547613721
F1,HUSB,I182543697059
F1,WIFE,I182543697077
F1,CHIL,I182543696697
F1,HUSB,I182542006991
F1,WIFE,I182542007454
F1,CHIL,I182542006990
F1,CHIL,I182542007598
F1,HUSB,I182551022084
F1,WIFE,I182551021606
F1,HUSB,I182547653735
F1,WIFE,I182547653739
F1,CHIL,I182547653488
F1,HUSB,I182548114536
F1,WIFE,I182548114537
F1,CHIL,I182548103728
F1,HUSB,I182547635325
F1,WIFE,I182547635326
F1,CHIL,I182547545313
F1,CHIL,I182547635327
F1,CHIL,I182547635328
F1,CHIL,I182547635329
F1,HUSB,I182543702178
F1,WIFE,I182543697818
F1,CHIL,I182543698357
F1,CHIL,I182543698359
F1,CHIL,I182543698358
F1,HUSB,I182547685784
F1,WIFE,I182547685253
F1,HUSB,I182547543404
F1,WIFE,I182547543431
F1,CHIL,I182547029756
F1,HUSB,I182548196759
F1,WIFE,I182548196770
F1,CHIL,I182548196735
F1,HUSB,I182542007837
F1,WIFE,I182542289277
F1,HUSB,I182545075601
F1,WIFE,I182545075625
F1,CHIL,I182545075639
F1,CHIL,I182545075650
F1,CHIL,I182545075680
F1,HUSB,I182547614088
F1,WIFE,I182547614089
F1,CHIL,I182547616208
F1,CHIL,I182547613908
F1,CHIL,I182547616209
F1,CHIL,I182547616210
F1,HUSB,I182543697210
F1,WIFE,I182543697239
F1,CHIL,I182543696812
F1,HUSB,I182545080721
F1,WIFE,I182545080755
F1,CHIL,I182545081329
F1,CHIL,I182545081330
F1,CHIL,I182545075442
F1,CHIL,I182545081332
F1,CHIL,I182545081335
F1,CHIL,I182545099324
F1,HUSB,I182547685768
F1,WIFE,I182547685769
F1,CHIL,I182547685477
F1,CHIL,I182547687218
F1,CHIL,I182547687219
F1,CHIL,I182547687222
F1,CHIL,I182547687223
F1,HUSB,I182547602832
F1,WIFE,I182543604998
F1,CHIL,I182547603023
F1,CHIL,I182547603106
F1,CHIL,I182547603343
F1,HUSB,I182543956299
F1,WIFE,I182543932677
F1,CHIL,I182543933065
F1,HUSB,I182547546515
F1,WIFE,I182547546522
F1,CHIL,I182547545707
F1,HUSB,I182543927620
F1,WIFE,I182543927835
F1,CHIL,I182543927902
F1,CHIL,I182543927939
F1,CHIL,I182543927991
F1,HUSB,I182547545428
F1,WIFE,I182547545503
F1,CHIL,I182547545294
F1,HUSB,I182547636067
F1,WIFE,I182547636645
F1,CHIL,I182551021598
F1,CHIL,I182547635900
F1,CHIL,I182551021606
F1,HUSB,I182542694764
F1,WIFE,I182542694767
F1,CHIL,I182542694772
F1,CHIL,I182542675175
F1,CHIL,I182542694774
F1,CHIL,I182542694775
F1,CHIL,I182542694778
F1,CHIL,I182542694784
F1,CHIL,I182542694786
F1,CHIL,I182542694788
F1,HUSB,I182546199055
F1,WIFE,I182546198929
F1,CHIL,I182546199141
F1,CHIL,I182546198600
F1,HUSB,I182547546530
F1,WIFE,I182547546547
F1,CHIL,I182547545714
F1,HUSB,I182545401185
F1,WIFE,I182545401216
F1,CHIL,I182545400042
F1,CHIL,I182545401484
F1,HUSB,I182547543459
F1,WIFE,I182547543470
F1,CHIL,I182547029768
F1,HUSB,I182543600041
F1,WIFE,I182543599984
F1,HUSB,I182548282814
F1,WIFE,I182548281341
F1,CHIL,I182548282815
F1,CHIL,I182548282816
F1,HUSB,I182545402249
F1,WIFE,I182545402234
F1,HUSB,I182543573355
F1,WIFE,I182543573390
F1,CHIL,I182543572723
F1,HUSB,I182545075601
F1,WIFE,I182545076052
F1,HUSB,I182542102790
F1,WIFE,I182542104903
F1,HUSB,I182547543474
F1,WIFE,I182547543482
F1,CHIL,I182547029774
F1,HUSB,I182545389978
F1,WIFE,I182545388175
F1,CHIL,I182545390085
F1,HUSB,I182543956323
F1,WIFE,I182543932677
F1,HUSB,I182547636678
F1,WIFE,I182547636684
F1,CHIL,I182547636067
F1,CHIL,I182551019655
F1,HUSB,I182545080815
F1,WIFE,I182545080806
F1,CHIL,I182545075362
F1,HUSB,I182551020932
F1,WIFE,I182551020941
F1,CHIL,I182551020106
F1,HUSB,I182547545538
F1,WIFE,I182547545555
F1,CHIL,I182547545428
F1,HUSB,I182548259284
F1,WIFE,I182548259299
F1,CHIL,I182548258231
F1,HUSB,I182543573297
F1,WIFE,I182543573267
F1,CHIL,I182542694764
F1,HUSB,I182543697168
F1,WIFE,I182543697194
F1,CHIL,I182543696852
F1,HUSB,I182547636692
F1,WIFE,I182547636700
F1,CHIL,I182547636645
F1,HUSB,I182547545566
F1,WIFE,I182547545588
F1,CHIL,I182547545455
F1,HUSB,I182545400315
F1,WIFE,I182545400316
F1,CHIL,I182545400323
F1,CHIL,I182545414602
F1,CHIL,I182545414603
F1,CHIL,I182545400325
F1,CHIL,I182545400317
F1,CHIL,I182545400318
F1,CHIL,I182545400319
F1,CHIL,I182545399858
F1,CHIL,I182545400320
F1,CHIL,I182545400322
F1,HUSB,I182543604730
F1,WIFE,I182543604999
F1,CHIL,I182543604998
F1,HUSB,I182543932674
F1,WIFE,I182543932875
F1,CHIL,I182543932871
F1,CHIL,I182543932872
F1,CHIL,I182543932873
F1,CHIL,I182543932874
F1,CHIL,I182543932940
F1,CHIL,I182543932953
F1,HUSB,I182547615206
F1,WIFE,I182547615207
F1,CHIL,I182547615204
F1,CHIL,I182547615205
F1,CHIL,I182547614247
F1,HUSB,I182543929653
F1,WIFE,I182543928958
F1,HUSB,I182547545582
F1,WIFE,I182547545576
F1,CHIL,I182547545465
F1,HUSB,I182543697198
F1,WIFE,I182543697202
F1,CHIL,I182543696831
F1,HUSB,I182547543557
F1,WIFE,I182547543530
F1,CHIL,I182547029780
F1,HUSB,I182542102786
F1,WIFE,I182542102787
F1,CHIL,I182542102788
F1,CHIL,I182542102789
F1,CHIL,I182542102790
F1,CHIL,I182542008755
F1,HUSB,I182547545599
F1,WIFE,I182547545598
F1,CHIL,I182547545404
F1,HUSB,I182542693682
F1,WIFE,I182542693683
F1,CHIL,I182542693685
F1,CHIL,I182542693687
F1,CHIL,I182542693689
F1,CHIL,I182542674938
F1,CHIL,I182542693692
F1,CHIL,I182542693695
F1,HUSB,I182547544324
F1,WIFE,I182547544331
F1,CHIL,I182547544224
F1,HUSB,I182542648781
F1,WIFE,I182542648718
F1,CHIL,I182542648116
F1,HUSB,I182546209079
F1,WIFE,I182546176573
F1,HUSB,I182545075898
F1,WIFE,I182543600080
F1,CHIL,I182543599984
F1,HUSB,I182545403182
F1,WIFE,I182545403194
F1,CHIL,I182545403097
F1,HUSB,I182548076821
F1,WIFE,I182548186864
F1,CHIL,I182548187061
F1,CHIL,I182548187062
F1,CHIL,I182548076583
F1,CHIL,I182548187064
F1,HUSB,I182543573449
F1,WIFE,I182543573463
F1,CHIL,I182543572738
F1,HUSB,I182542665176
F1,WIFE,I182542665295
F1,CHIL,I182542663483
F1,HUSB,I182543704527
F1,WIFE,I182543698357
F1,HUSB,I182548236559
F1,WIFE,I182548234135
F1,HUSB,I182548114748
F1,WIFE,I182548114760
F1,CHIL,I182548114685
F1,HUSB,I182543606267
F1,WIFE,I182543606268
F1,CHIL,I182543606270
F1,CHIL,I182543606271
F1,CHIL,I182543606272
F1,CHIL,I182543606273
F1,CHIL,I182543605155
F1,HUSB,I182543698428
F1,WIFE,I182543698455
F1,CHIL,I182543705523
F1,CHIL,I182543769186
F1,CHIL,I182543706169
F1,CHIL,I182543705572
F1,CHIL,I182543705276
F1,CHIL,I182543738096
F1,CHIL,I182543706956
F1,CHIL,I182543697818
F1,HUSB,I182548182327
F1,WIFE,I182548182328
F1,CHIL,I182548182330
F1,CHIL,I182548182331
F1,CHIL,I182548182332
F1,CHIL,I182548182333
F1,CHIL,I182548182336
F1,CHIL,I182548182337
F1,CHIL,I182548181316
F1,CHIL,I182548182343
F1,CHIL,I182548182345
F1,CHIL,I182548182350
F1,HUSB,I182547548458
F1,WIFE,I182547548479
F1,CHIL,I182547549283
F1,CHIL,I182547548527
F1,CHIL,I182547548441
F1,CHIL,I182547549284
F1,CHIL,I182547549285
F1,CHIL,I182547549286
F1,CHIL,I182547549287
F1,CHIL,I182547549288
F1,HUSB,I182548181282
F1,WIFE,I182548181290
F1,CHIL,I182548181109
F1,HUSB,I182543573481
F1,WIFE,I182543573487
F1,CHIL,I182543572752
F1,HUSB,I182543956567
F1,WIFE,I182543957481
F1,CHIL,I182543957476
F1,CHIL,I182543932670
F1,CHIL,I182543957482
F1,CHIL,I182543957477
F1,CHIL,I182543957478
F1,CHIL,I182543957479
F1,CHIL,I182543957480
F1,HUSB,I182548259524
F1,WIFE,I182548260134
F1,CHIL,I182548259299
F1,HUSB,I182548076832
F1,WIFE,I182548076838
F1,CHIL,I182548076821
F1,HUSB,I182543706036
F1,WIFE,I182543705572
F1,HUSB,I182542008754
F1,WIFE,I182542008755
F1,CHIL,I182542007538
F1,CHIL,I182542102549
F1,CHIL,I182542008751
F1,CHIL,I182542008752
F1,CHIL,I182542008753
F1,HUSB,I182543697307
F1,WIFE,I182543697308
F1,CHIL,I182543696801
F1,HUSB,I182546209146
F1,WIFE,I182546209151
F1,CHIL,I182546176753
F1,HUSB,I182545403231
F1,WIFE,I182545403244
F1,CHIL,I182545403105
F1,HUSB,I182547029329
F1,WIFE,I182547029342
F1,CHIL,I182547029134
F1,HUSB,I182542649897
F1,WIFE,I182542649757
F1,HUSB,I182546165087
F1,WIFE,I182546165096
F1,CHIL,I182546164878
F1,HUSB,I182542009291
F1,WIFE,I182542008751
F1,CHIL,I182542009301
F1,HUSB,I182543573424
F1,WIFE,I182543573438
F1,CHIL,I182543572729
F1,HUSB,I182547545455
F1,WIFE,I182547545465
F1,CHIL,I182547545306
F1,HUSB,I182547548527
F1,WIFE,I182547548719
F1,CHIL,I182547548563
F1,CHIL,I182547548736
F1,HUSB,I182543698758
F1,WIFE,I182543698357
F1,CHIL,I182543698765
F1,HUSB,I182543698639
F1,WIFE,I182543698359
F1,CHIL,I182543698728
F1,CHIL,I182543698906
F1,HUSB,I182543698358
F1,WIFE,I182543698601
F1,CHIL,I182543698804
F1,CHIL,I182543698976
F1,HUSB,I182543928740
F1,WIFE,I182543927991
F1,HUSB,I182543605155
F1,WIFE,I182543605156
F1,CHIL,I182543604730
F1,CHIL,I182543605288
F1,CHIL,I182543605290
F1,CHIL,I182543605377
F1,HUSB,I182547544442
F1,WIFE,I182547544443
F1,CHIL,I182547544331
F1,CHIL,I182547544817
F1,CHIL,I182547544561
F1,CHIL,I182547544562
F1,CHIL,I182547544563
F1,CHIL,I182547544564
F1,CHIL,I182547544565
F1,HUSB,I182543573593
F1,WIFE,I182543573665
F1,CHIL,I182543572805
F1,HUSB,I182546165414
F1,WIFE,I182546165425
F1,CHIL,I182546165328
F1,HUSB,I182543696474
F1,WIFE,I182543696479
F1,CHIL,I182543696127
F1,HUSB,I182542007925
F1,WIFE,I182542007835
F1,CHIL,I182542007842
F1,CHIL,I182542007840
F1,CHIL,I182542007414
F1,CHIL,I182542007839
F1,CHIL,I182542007837
F1,HUSB,I182545402529
F1,WIFE,I182545402552
F1,HUSB,I182542648116
F1,WIFE,I182542648897
F2,HUSB,I182542649989
F2,WIFE,I182542648897
F2,CHIL,I182542649865
F2,HUSB,I182543928917
F2,WIFE,I182543928958
F2,CHIL,I182543927620
F2,HUSB,I182547615373
F2,WIFE,I182547615378
F2,CHIL,I182547615207
F2,HUSB,I182548186755
F2,WIFE,I182548187064
F2,CHIL,I182548187861
F2,HUSB,I182548234882
F2,WIFE,I182548233207
F2,CHIL,I182548235039
F2,CHIL,I182548235053
F2,HUSB,I182547545754
F2,WIFE,I182547545745
F2,CHIL,I182547545614
F2,HUSB,I182542289506
F2,WIFE,I182542289518
F2,CHIL,I182542289277
F2,HUSB,I182547636893
F2,WIFE,I182547635811
F2,HUSB,I182544812725
F2,WIFE,I182544812877
F2,CHIL,I182544812670
F2,HUSB,I182547687044
F2,WIFE,I182547687046
F2,CHIL,I182547687010
F2,HUSB,I182544232051
F2,WIFE,I182544248719
F2,CHIL,I182544232170
F2,CHIL,I182544248721
F2,CHIL,I182544248723
F2,CHIL,I182544231421
F2,CHIL,I182544248724
F2,HUSB,I182545386117
F2,WIFE,I182545386129
F2,CHIL,I182545099576
F2,HUSB,I182547691198
F2,WIFE,I182547691199
F2,CHIL,I182547685769
F2,CHIL,I182547691535
F2,HUSB,I182542125640
F2,WIFE,I182542125655
F2,CHIL,I182542008398
F2,HUSB,I182547640995
F2,WIFE,I182547641004
F2,CHIL,I182547640576
F2,HUSB,I182547603120
F2,WIFE,I182547603106
F2,CHIL,I182547603142
F2,HUSB,I182545390097
F2,WIFE,I182545388175
F2,CHIL,I182545390121
F2,HUSB,I182545390171
F2,WIFE,I182545388175
F2,HUSB,I182545390178
F2,WIFE,I182545388175
F2,HUSB,I182543696493
F2,WIFE,I182543696501
F2,CHIL,I182543696143
F2,HUSB,I182547610293
F2,WIFE,I182547610139
F2,HUSB,I182547641011
F2,WIFE,I182547641018
F2,CHIL,I182547640579
F2,HUSB,I182551020106
F2,WIFE,I182547635900
F2,CHIL,I182547635811
F2,HUSB,I182546875060
F2,WIFE,I182546875354
F2,CHIL,I182546214921
F2,CHIL,I182546214966
F2,CHIL,I182546214980
F2,HUSB,I182547636927
F2,WIFE,I182547635811
F2,HUSB,I182547653138
F2,WIFE,I182547653284
F2,CHIL,I182547652827
F2,HUSB,I182543602193
F2,WIFE,I182543600152
F2,CHIL,I182545079322
F2,CHIL,I182543600080
F2,CHIL,I182544820272
F2,HUSB,I182548075088
F2,WIFE,I182548075228
F2,CHIL,I182548075226
F2,CHIL,I182548075227
F2,HUSB,I182546176568
F2,WIFE,I182546176753
F2,CHIL,I182546213545
F2,CHIL,I182546176570
F2,CHIL,I182543581430
F2,CHIL,I182546176573
F2,CHIL,I182546176575
F2,HUSB,I182543573532
F2,WIFE,I182543573538
F2,CHIL,I182543572768
F2,HUSB,I182548075344
F2,WIFE,I182548075227
F2,CHIL,I182548075375
F2,HUSB,I182543573516
F2,WIFE,I182543573523
F2,CHIL,I182543572754
F2,HUSB,I182547610317
F2,WIFE,I182547610141
F2,HUSB,I182547687107
F2,WIFE,I182547687122
F2,CHIL,I182547687044
F2,HUSB,I182546165497
F2,WIFE,I182546165532
F2,CHIL,I182546165348
F2,HUSB,I182545389303
F2,WIFE,I182545389306
F2,CHIL,I182545390747
F2,CHIL,I182545390749
F2,CHIL,I182545390750
F2,CHIL,I182545390751
F2,CHIL,I182545389307
F2,CHIL,I182545387447
F2,CHIL,I182545389310
F2,CHIL,I182545389313
F2,HUSB,I182542124999
F2,WIFE,I182542007842
F2,HUSB,I182551018139
F2,WIFE,I182547543599
F2,CHIL,I182547542834
F2,CHIL,I182551018138
F2,HUSB,I182547611344
F2,WIFE,I182551018251
F2,CHIL,I182551018247
F2,CHIL,I182551018248
F2,CHIL,I182551018249
F2,CHIL,I182551018250
F2,CHIL,I182547611257
F2,HUSB,I182545402584
F2,WIFE,I182545402620
F2,HUSB,I182547610331
F2,WIFE,I182547610138
F2,HUSB,I182547653370
F2,WIFE,I182547653382
F2,CHIL,I182547653138
F2,HUSB,I182542675498
F2,WIFE,I182542673897
F2,HUSB,I182542007833
F2,WIFE,I182542007835
F2,HUSB,I182542007837
F2,WIFE,I182542288740
F2,HUSB,I182546165453
F2,WIFE,I182546165468
F2,CHIL,I182546165357
F2,HUSB,I182547029756
F2,WIFE,I182547029764
F2,CHIL,I182547029329
F2,HUSB,I182546165440
F2,WIFE,I182546165445
F2,CHIL,I182546165336
F2,HUSB,I182543572698
F2,WIFE,I182543572709
F2,CHIL,I182542699649
F2,HUSB,I182547611149
F2,WIFE,I182547611150
F2,CHIL,I182547029225
F2,HUSB,I182543572672
F2,WIFE,I182543572689
F2,CHIL,I182542699648
F2,HUSB,I182547545631
F2,WIFE,I182547545614
F2,CHIL,I182547545598
F2,HUSB,I182542673602
F2,WIFE,I182542673890
F2,CHIL,I182542673891
F2,CHIL,I182542673896
F2,CHIL,I182542673897
F2,CHIL,I182542665176
F2,CHIL,I182542673898
F2,HUSB,I182543705784
F2,WIFE,I182543705813
F2,CHIL,I182543698428
F2,CHIL,I182543761421
F2,CHIL,I182543761661
F2,CHIL,I182543767002
F2,CHIL,I182543767016
F2,HUSB,I182548183896
F2,WIFE,I182548186652
F2,CHIL,I182548186755
F2,HUSB,I182543696576
F2,WIFE,I182543696580
F2,CHIL,I182543696501
F2,HUSB,I182545387362
F2,WIFE,I182545396285
F2,CHIL,I182545396286
F2,CHIL,I182545396288
F2,CHIL,I182545396290
F2,CHIL,I182545396284
F2,CHIL,I182545396292
F2,CHIL,I182545396293
F2,CHIL,I182545396297
F2,CHIL,I182545396300
F2,HUSB,I182547543578
F2,WIFE,I182551018094
F2,CHIL,I182547543530
F2,HUSB,I182543572729
F2,WIFE,I182543572738
F2,CHIL,I182542702485
F2,HUSB,I182547610144
F2,WIFE,I182546199141
F2,CHIL,I182547610141
F2,CHIL,I182547610140
F2,CHIL,I182547610138
F2,CHIL,I182547610143
F2,CHIL,I182547610142
F2,CHIL,I182547610139
F2,CHIL,I182547610137
F2,CHIL,I182546199162
F2,HUSB,I182547543592
F2,WIFE,I182547543586
F2,CHIL,I182547543557
F2,HUSB,I182543572721
F2,WIFE,I182543572723
F2,CHIL,I182542702484
F2,HUSB,I182543696620
F2,WIFE,I182543696627
F2,CHIL,I182547604446
F2,CHIL,I182543696539
F2,HUSB,I182547545650
F2,WIFE,I182547545646
F2,CHIL,I182547545503
F2,HUSB,I182548103728
F2,WIFE,I182548077370
F2,CHIL,I182548077298
F2,HUSB,I182542699183
F2,WIFE,I182542699233
F2,CHIL,I182542699127
F2,HUSB,I182543705846
F2,WIFE,I182543705866
F2,CHIL,I182543698455
F2,HUSB,I182550136397
F2,WIFE,I182550136390
F2,CHIL,I182548186652
F2,HUSB,I182542701298
F2,WIFE,I182542701300
F2,CHIL,I182542699233
F2,CHIL,I182542701687
F2,CHIL,I182542701688
F2,HUSB,I182543698700
F2,WIFE,I182543697634
F2,HUSB,I182542006990
F2,WIFE,I182542007088
F2,HUSB,I182543696539
F2,WIFE,I182543696543
F2,CHIL,I182543696474
F2,HUSB,I182547548770
F2,WIFE,I182547548736
F2,CHIL,I182547548794
F2,HUSB,I182547545667
F2,WIFE,I182547545680
F2,CHIL,I182547545646
F2,HUSB,I182548260440
F2,WIFE,I182548260441
F2,CHIL,I182548260445
F2,CHIL,I182548279241
F2,CHIL,I182548260444
F2,HUSB,I182548277204
F2,WIFE,I182548260441
F2,CHIL,I182548260450
F2,CHIL,I182548259524
F2,HUSB,I182548278101
F2,WIFE,I182548260441
F2,CHIL,I182548278322
F2,HUSB,I182548260440
F2,WIFE,I182548279041
F2,CHIL,I182548278605
F2,CHIL,I182548278606
F2,CHIL,I182548278608
F2,CHIL,I182548278607
F2,CHIL,I182548260447
F2,CHIL,I182548260449
F2,HUSB,I182542125710
F2,WIFE,I182542125728
F2,CHIL,I182542008399
F2,HUSB,I182542650012
F2,WIFE,I182542650019
F2,CHIL,I182542648897
F2,HUSB,I182546165357
F2,WIFE,I182546165348
F2,CHIL,I182546165096
F2,HUSB,I182546165328
F2,WIFE,I182546165336
F2,CHIL,I182546163561
F2,HUSB,I182543696561
F2,WIFE,I182543696564
F2,CHIL,I182543696493
F2,HUSB,I182547640941
F2,WIFE,I182547640943
F2,CHIL,I182547640476
F2,HUSB,I182548115044
F2,WIFE,I182548115062
F2,CHIL,I182548114760
F2,HUSB,I182543580854
F2,WIFE,I182543580855
F2,HUSB,I182547545707
F2,WIFE,I182547545714
F2,CHIL,I182547545599
F2,HUSB,I182543696546
F2,WIFE,I182543696553
F2,CHIL,I182543696479
F2,HUSB,I182547687010
F2,WIFE,I182547687015
F2,CHIL,I182548075087
F2,CHIL,I182548075088
F2,CHIL,I182548075089
F2,CHIL,I182548075090
F2,CHIL,I182548075091
F2,CHIL,I182548075092
F2,CHIL,I182547686288
F2,HUSB,I182547611257
F2,WIFE,I182547611567
F2,CHIL,I182547611149
F2,HUSB,I182544249696
F2,WIFE,I182544249686
F2,HUSB,I182542030693
F2,WIFE,I182542030705
F2,CHIL,I182542018381
F2,HUSB,I182542124956
F2,WIFE,I182542124912
F2,HUSB,I182551021510
F2,WIFE,I182551021514
F2,CHIL,I182551021415
F2,HUSB,I182547603379
F2,WIFE,I182547603343
F2,CHIL,I182547603397
F2,HUSB,I182543572816
F2,WIFE,I182543572823
F2,CHIL,I182543572689
F2,HUSB,I182545387362
F2,WIFE,I182545387447
F2,CHIL,I182545388719
F2,CHIL,I182545388167
F2,CHIL,I182545388170
F2,CHIL,I182545388172
F2,CHIL,I182545080755
F2,CHIL,I182545388173
F2,CHIL,I182545388175
F2,CHIL,I182545388177
F2,HUSB,I182543696697
F2,WIFE,I182543696712
F2,CHIL,I182543696553
F2,HUSB,I182543706984
F2,WIFE,I182543706956
F2,HUSB,I182543578956
F2,WIFE,I182543578981
F2,CHIL,I182543578927
F3,HUSB,I182545399743
F3,WIFE,I182545399778
F3,CHIL,I182545399609
F3,HUSB,I182547542834
F3,WIFE,I182547542940
F3,CHIL,I182547029784
F3,HUSB,I182547640221
F3,WIFE,I182547640290
F3,CHIL,I182547640126
F3,HUSB,I182547653497
F3,WIFE,I182547653507
F3,CHIL,I182547653400
F3,HUSB,I182543572801
F3,WIFE,I182543572805
F3,CHIL,I182543572672
F3,HUSB,I182546197487
F3,WIFE,I182546197422
F3,HUSB,I182548280243
F3,WIFE,I182548280244
F3,CHIL,I182548280312
F3,CHIL,I182548280314
F3,CHIL,I182548280315
F3,CHIL,I182548277204
F3,HUSB,I182543572837
F3,WIFE,I182543572856
F3,CHIL,I182543572698
F3,HUSB,I182547686324
F3,WIFE,I182547686343
F3,CHIL,I182547685520
F3,HUSB,I182543581031
F3,WIFE,I182543581032
F3,CHIL,I182543580855
F3,HUSB,I182547611583
F3,WIFE,I182547611591
F3,CHIL,I182547611567
F3,HUSB,I182542018339
F3,WIFE,I182542018381
F3,CHIL,I182542029992
F3,CHIL,I182542029994
F3,CHIL,I182542007536
F3,CHIL,I182542029996
F3,CHIL,I182542029998
F3,HUSB,I182542019379
F3,WIFE,I182542019381
F3,CHIL,I182542019893
F3,CHIL,I182542019382
F3,CHIL,I182542019383
F3,CHIL,I182542018339
F3,CHIL,I182542019384
F3,CHIL,I182542019385
F3,CHIL,I182542019388
F3,CHIL,I182542019389
F3,HUSB,I182545099750
F3,WIFE,I182545081329
F3,HUSB,I182543697694
F3,WIFE,I182543697818
F3,CHIL,I182543697634
F3,HUSB,I182543572754
F3,WIFE,I182543572768
F3,CHIL,I182542706669
F3,HUSB,I182545397709
F3,WIFE,I182545397741
F3,CHIL,I182545397617
F3,HUSB,I182547542990
F3,WIFE,I182547543013
F3,CHIL,I182547542940
F3,HUSB,I182547615695
F3,WIFE,I182547615694
F3,CHIL,I182547615206
F3,HUSB,I182543696661
F3,WIFE,I182543696677
F3,CHIL,I182543696546
F3,HUSB,I182551021436
F3,WIFE,I182551021444
F3,CHIL,I182551021401
F3,HUSB,I182551021447
F3,WIFE,I182551021457
F3,CHIL,I182551021406
F3,HUSB,I182547604426
F3,WIFE,I182547604432
F3,CHIL,I182547602832
F3,HUSB,I182543929102
F3,WIFE,I182543929103
F3,CHIL,I182543930328
F3,CHIL,I182543928958
F3,CHIL,I182543930329
F3,CHIL,I182543930330
F3,CHIL,I182543930331
F3,CHIL,I182543930332
F3,CHIL,I182543955920
F3,CHIL,I182543955921
F3,HUSB,I182545099576
F3,WIFE,I182545081329
F3,HUSB,I182542135077
F3,WIFE,I182542135215
F3,CHIL,I182542142195
F3,HUSB,I182543696642
F3,WIFE,I182543696655
F3,CHIL,I182543696543
F3,HUSB,I182545076213
F3,WIFE,I182545076186
F3,CHIL,I182545076052
F3,CHIL,I182545076246
F3,CHIL,I182545076286
F3,CHIL,I182545076296
F3,HUSB,I182546165719
F3,WIFE,I182546165732
F3,CHIL,I182546165497
F3,HUSB,I182542009129
F3,WIFE,I182542009130
F3,CHIL,I182542008754
F3,HUSB,I182547604442
F3,WIFE,I182547604446
F3,CHIL,I182547604426
F3,HUSB,I182542694302
F3,WIFE,I182542675728
F3,CHIL,I182542694320
F3,HUSB,I182551021481
F3,WIFE,I182551021496
F3,CHIL,I182551021410
F3,HUSB,I182546165564
F3,WIFE,I182546165713
F3,CHIL,I182546165453
F3,HUSB,I182548233192
F3,WIFE,I182548233207
F3,CHIL,I182548197797
F3,CHIL,I182548235015
F3,CHIL,I182548235096
F3,CHIL,I182548235117
F3,CHIL,I182548235132
F3,CHIL,I182548235188
F3,HUSB,I182548281206
F3,WIFE,I182548281341
F3,CHIL,I182548282316
F3,CHIL,I182548260134
F3,HUSB,I182547640305
F3,WIFE,I182547640310
F3,CHIL,I182547640162
F3,HUSB,I182543579038
F3,WIFE,I182543578927
F3,CHIL,I182543578728
F3,HUSB,I182542648116
F3,WIFE,I182542142437
F3,CHIL,I182542135215
F3,CHIL,I182542649312
F3,CHIL,I182542649342
F3,HUSB,I182547029768
F3,WIFE,I182547029774
F3,CHIL,I182547029342
F3,HUSB,I182547653395
F3,WIFE,I182547653400
F3,CHIL,I182547653284
F3,HUSB,I182543698915
F3,WIFE,I182543698906
F3,CHIL,I182543699019
F3,CHIL,I182543699028
F3,HUSB,I182545402658
F3,WIFE,I182545402705
F3,HUSB,I182543696852
F3,WIFE,I182543696840
F3,CHIL,I182543696564
F3,HUSB,I182551021401
F3,WIFE,I182551021406
F3,CHIL,I182551020932
F3,HUSB,I182547029784
F3,WIFE,I182547029780
F3,CHIL,I182547029264
F3,HUSB,I182542706668
F3,WIFE,I182542706669
F3,CHIL,I182542706670
F3,CHIL,I182542706671
F3,CHIL,I182542706675
F3,CHIL,I182542706676
F3,CHIL,I182542706681
F3,CHIL,I182542701300
F3,CHIL,I182542706682
F3,CHIL,I182542706683
F3,HUSB,I182547653433
F3,WIFE,I182547653448
F3,CHIL,I182547653370
F3,HUSB,I182547640111
F3,WIFE,I182547640126
F3,CHIL,I182547639977
F3,HUSB,I182551021410
F3,WIFE,I182551021415
F3,CHIL,I182551020941
F3,HUSB,I182542691236
F3,WIFE,I182542691326
F3,CHIL,I182542674937
F3,CHIL,I182542691403
F3,CHIL,I182542691424
F3,CHIL,I182542692277
F3,CHIL,I182542692278
F3,CHIL,I182542692279
F3,CHIL,I182542692281
F3,CHIL,I182542691870
F3,HUSB,I182542674937
F3,WIFE,I182542674938
F3,CHIL,I182542673602
F3,HUSB,I182547653468
F3,WIFE,I182547653471
F3,CHIL,I182547653382
F3,CHIL,I182547680954
F3,CHIL,I182547680970
F3,CHIL,I182547681082
F3,CHIL,I182547681139
F3,HUSB,I182547640162
F3,WIFE,I182547640146
F3,CHIL,I182547640111
F3,HUSB,I182542288780
F3,WIFE,I182542288814
F3,CHIL,I182542288740
F3,HUSB,I182542702484
F3,WIFE,I182542702485
F3,CHIL,I182542702487
F3,CHIL,I182542701298
F3,CHIL,I182542702488
F3,CHIL,I182542702492
F3,CHIL,I182542702495
F3,CHIL,I182542702496
F3,HUSB,I182543696831
F3,WIFE,I182543696812
F3,CHIL,I182543696576
F3,HUSB,I182547653480
F3,WIFE,I182547653488
F3,CHIL,I182547653395
F3,HUSB,I182543696807
F3,WIFE,I182543696801
F3,CHIL,I182543696580
F3,WIFE,I182547548408
F3,CHIL,I182547548290
F3,HUSB,I182542696770
F3,CHIL,I182542682192
F3,CHIL,I182542682562
F3,HUSB,I182547637475
F3,CHIL,I182547637417
F3,HUSB,I182547637467
F3,CHIL,I182547637424
F3,HUSB,I182544249608
F3,CHIL,I182544249686
F3,CHIL,I182544231447
F3,HUSB,I182547543310
F3,CHIL,I182547543255
F3,HUSB,I182542648116
F3,CHIL,I182542649391
F3,WIFE,I182548233967
F3,CHIL,I182548234135
F3,CHIL,I182548233464
F3,WIFE,I182546870839
F3,CHIL,I182546870501
F3,HUSB,I182547640718
F3,CHIL,I182547640558
F3,WIFE,I182543580855
F3,CHIL,I182543580849
F3,CHIL,I182543579189
F3,CHIL,I182543580850
F3,CHIL,I182543580851
F3,CHIL,I182543580852
F3,CHIL,I182543580853
F3,WIFE,I182547548441
F3,CHIL,I182547548408
F3,WIFE,I182542699233
F3,CHIL,I182542700745
F3,HUSB,I182547543077
F3,CHIL,I182547543043
F3,HUSB,I182545397973
F3,CHIL,I182545397804
F3,HUSB,I182547543255
F3,CHIL,I182546165823
F3,WIFE,I182545400042
F3,CHIL,I182545401437
F3,CHIL,I182545401907
F3,CHIL,I182545401909
F3,CHIL,I182545401912
F3,CHIL,I182545402116
F3,CHIL,I182545402234
F3,CHIL,I182545402529
F3,HUSB,I182547543125
F3,CHIL,I182547543077
F3,HUSB,I182544231234
F3,CHIL,I182543932671
F3,WIFE,I182548076417
F3,CHIL,I182548183129
F3,HUSB,I182547543292
F3,CHIL,I182547543125
F3,HUSB,I182543698804
F3,CHIL,I182543699077
F3,CHIL,I182543699083
F3,WIFE,I182548115553
F3,CHIL,I182548115778
F3,CHIL,I182548115555
F3,CHIL,I182548115556
F3,CHIL,I182548115557
F3,CHIL,I182548115558
F3,CHIL,I182547686324
F3,HUSB,I182547640738
F3,CHIL,I182547640718
F3,WIFE,I182545403337
F3,CHIL,I182545403316
F3,HUSB,I182546198965
F3,CHIL,I182546198929
F3,WIFE,I182547548563
F3,CHIL,I182547548598
F3,HUSB,I182542701687
F3,CHIL,I182542701837
F3,HUSB,I182547637405
F3,CHIL,I182547636678
F3,HUSB,I182543698728
F3,CHIL,I182543699212
F3,CHIL,I182543699223
F3,CHIL,I182543699229
F3,CHIL,I182543699244
F3,CHIL,I182543699249
F3,WIFE,I182548281025
F3,CHIL,I182548259284
F3,WIFE,I182547637412
F3,CHIL,I182547636700
F3,WIFE,I182545403316
F3,CHIL,I182545400315
F3,HUSB,I182547548598
F3,CHIL,I182547548653
F3,WIFE,I182545403409
F3,CHIL,I182545403337
F3,HUSB,I182543698765
F3,CHIL,I182543699416
F3,CHIL,I182543699427
F3,WIFE,I182547687046
F3,CHIL,I182547688707
F3,CHIL,I182547688708
F3,WIFE,I182548181316
F3,CHIL,I182548181290
F3,WIFE,I182542648897
F3,CHIL,I182542649757
F3,WIFE,I182543698976
F3,CHIL,I182543699360
F3,HUSB,I182547611320
F3,CHIL,I182547611279
F4,HUSB,I182543956567
F4,CHIL,I182543956566
F4,WIFE,I182546198379
F4,CHIL,I182546198207
F4,WIFE,I182545388175
F4,CHIL,I182545390216
F4,CHIL,I182545390263
F4,WIFE,I182543583930
F4,CHIL,I182543583821
F4,HUSB,I182546199162
F4,CHIL,I182546199213
F4,WIFE,I182543957481
F4,CHIL,I182543957631
F4,WIFE,I182548196735
F4,CHIL,I182547611150
F4,HUSB,I182544812640
F4,CHIL,I182544812600
F4,WIFE,I182547546502
F4,CHIL,I182547545631
F4,HUSB,I182543696930
F4,CHIL,I182543696627
F4,HUSB,I182543696927
F4,CHIL,I182543696620
F4,HUSB,I182546870889
F4,CHIL,I182546870839
F4,WIFE,I182550136430
F4,CHIL,I182550136390
F4,HUSB,I182547611279
F4,CHIL,I182546199055
F4,WIFE,I182544812670
F4,CHIL,I182544812640
F4,WIFE,I182546870959
F4,CHIL,I182546870889
F4,WIFE,I182543696856
F4,CHIL,I182543696561
F4,HUSB,I182544749548
F4,CHIL,I182544749485
F4,WIFE,I182548233207
F4,CHIL,I182548235167
F4,WIFE,I182546198600
F4,CHIL,I182546198486
F4,HUSB,I182547640369
F4,CHIL,I182547640290
F4,WIFE,I182545400580
F4,CHIL,I182545400625
F4,WIFE,I182543930330
F4,CHIL,I182543931335
F4,WIFE,I182543572752
F4,CHIL,I182542706668
F4,HUSB,I182545399858
F4,CHIL,I182545400580
F4,HUSB,I182545614350
F4,CHIL,I182545387362
F4,WIFE,I182546198486
F4,CHIL,I182546198379
F4,WIFE,I182543583156
F4,CHIL,I182543583107
F4,WIFE,I182547614089
F4,CHIL,I182547633002
F4,HUSB,I182543697297
F4,CHIL,I182543696807
